LastDate,runberpartnumber,Bladder name,Status,Cause,Target,Bladder Life,Diagnose,,,
15 March 2026,B-TU-013,3/1/2026_211355,ทิ้ง,"Deform (เบี้ยว, ผิดรูปร่าง)",830,358,Abnormal,,,
17 September 2025,B-TU-013,7/29/2025_13107,ทิ้ง,"Deform (เบี้ยว, ผิดรูปร่าง)",830,641,Abnormal,,,
09 March 2026,B-MT-008,1/24/2026_04359,ทิ้ง,Leak (รั่ว),420,893,Pass,,,
23 January 2026,B-MT-008,"December 16, 2024_04649",ทิ้ง,Leak (รั่ว),420,409,Abnormal,,,
15 December 2024,B-MT-008,12/4/2024_02540,ทิ้ง,Leak (รั่ว),420,255,Abnormal,,,
04 June 2026,B-PU-001,11/28/2025_162723,ทิ้ง,Leak (รั่ว),1525,3666,Pass,,,
02 June 2026,B-PU-001,7/23/2025_111247,ทิ้ง,Leak (รั่ว),1525,6212,Pass,,,
07 March 2026,B-PU-001,12/15/2024_55748,ทิ้ง,Leak (รั่ว),1525,8291,Pass,,,
31 January 2026,B-PU-001,11/2/2025_01144,ทิ้ง,Leak (รั่ว),1525,1682,Pass,,,
06 November 2025,B-PU-001,10/16/2024_235650,ทิ้ง,Leak (รั่ว),1525,6373,Pass,,,
02 October 2025,B-PU-001,1/9/2025_174238,ทิ้ง,Leak (รั่ว),1525,3883,Pass,,,
23 July 2025,B-PU-001,2/8/2025_83857,ทิ้ง,Leak (รั่ว),1525,5349,Pass,,,
29 June 2025,B-PU-001,2/26/2025_115417,ทิ้ง,Leak (รั่ว),1525,3944,Pass,,,
09 March 2025,B-PU-001,6/10/2024_2317,ทิ้ง,Leak (รั่ว),1525,5680,Pass,,,
10 January 2025,B-PU-001,6/10/2024_2117,ทิ้ง,Leak (รั่ว),1525,3727,Pass,,,
12 July 2026,B-PU-001,6/4/2026_82513,ทิ้ง,Leak (รั่ว),1525,1304,Abnormal,,,
05 June 2026,B-PU-001,6/2/2026_202347,ทิ้ง,Leak (รั่ว),1525,61,Abnormal,,,
08 February 2025,B-PU-001,1/10/2025_91514,ทิ้ง,Leak (รั่ว),1525,968,Abnormal,,,
01 November 2025,B-PU-001,10/2/2025_10326,ทิ้ง,Leak (รั่ว),1525,992,Abnormal,,,
19 September 2025,B-PU-001,8/14/2025_9595,ทิ้ง,Leak (รั่ว),1525,1136,Abnormal,,,
14 December 2024,B-PU-001,10/17/2024_92942,ทิ้ง,Leak (รั่ว),1525,1299,Abnormal,,,
04 June 2026,B-PU-002,6/26/2025_10413,ทิ้ง,Leak (รั่ว),1680,3059,Pass,,,
01 August 2025,B-PU-002,3/25/2025_153521,ทิ้ง,Leak (รั่ว),1680,397,Abnormal,,,
03 December 2024,B-PU-002,14/9/2024_103236,ทิ้ง,Leak (รั่ว),1680,1381,Abnormal,,,
25 June 2026,B-PU-003,6/5/2025_0140,ทิ้ง,Leak (รั่ว),630,2988,Pass,,,
19 June 2026,B-PU-003,12/20/2024_135038,ทิ้ง,Leak (รั่ว),630,5076,Pass,,,
20 October 2025,B-PU-003,2/7/2025_44947,ทิ้ง,Leak (รั่ว),630,2619,Pass,,,
03 October 2025,B-PU-003,9/7/2024_161822,ทิ้ง,Leak (รั่ว),630,4811,Pass,,,
04 June 2025,B-PU-003,23/8/2024_7226,ทิ้ง,Leak (รั่ว),630,3423,Pass,,,
28 January 2025,B-PU-003,23/8/2024_7197,ทิ้ง,Leak (รั่ว),630,1139,Pass,,,
06 February 2025,B-PU-003,2/7/2025_43722,ทิ้ง,,630,,Abnormal,,,
20 April 2026,B-PU-004,9/9/2024_134121,ทิ้ง,Leak (รั่ว),450,5076,Pass,,,
13 January 2026,B-PU-004,10/2/2024_125952,ทิ้ง,Leak (รั่ว),450,4807,Pass,,,
13 November 2025,B-PU-004,1/11/2025_154442,ทิ้ง,Leak (รั่ว),450,4605,Pass,,,
15 July 2025,B-PU-004,9/5/2024_93846,ทิ้ง,Leak (รั่ว),450,4984,Pass,,,
17 May 2025,B-PU-004,9/5/2024_105039,ทิ้ง,Leak (รั่ว),450,3451,Pass,,,
11 January 2025,B-PU-004,9/5/2024_9406,ทิ้ง,Leak (รั่ว),450,1895,Pass,,,
06 January 2025,B-PU-004,9/17/2024_15246,ทิ้ง,Leak (รั่ว),450,1751,Pass,,,
17 October 2024,B-PU-004,10/18/2024_45731,ทิ้ง,,450,,Abnormal,,,
12 July 2026,B-TU-001,11/6/2026_112121,ทิ้ง,"Deform (เบี้ยว, ผิดรูปร่าง)",450,663,Pass,,,
05 June 2026,B-TU-001,12/19/2025_111023,ทิ้ง,"Deform (เบี้ยว, ผิดรูปร่าง)",450,605,Pass,,,
25 May 2026,B-TU-001,27/3/2026_104525,ทิ้ง,"Deform (เบี้ยว, ผิดรูปร่าง)",450,1181,Pass,,,
16 May 2026,B-TU-001,2/22/2026_114649,ทิ้ง,"Deform (เบี้ยว, ผิดรูปร่าง)",450,1673,Pass,,,
14 May 2026,B-TU-001,10/15/2025_212815,ทิ้ง,"Deform (เบี้ยว, ผิดรูปร่าง)",450,1946,Pass,,,
20 April 2026,B-TU-001,9/9/2024_133920,ทิ้ง,"Deform (เบี้ยว, ผิดรูปร่าง)",450,5076,Pass,,,
27 March 2026,B-TU-001,11/17/2025_21538,ทิ้ง,Leak (รั่ว),450,1551,Pass,,,
24 March 2026,B-TU-001,10/23/2025_212013,ทิ้ง,"Deform (เบี้ยว, ผิดรูปร่าง)",450,1034,Pass,,,
22 February 2026,B-TU-001,11/21/2025_95351,ทิ้ง,"Deform (เบี้ยว, ผิดรูปร่าง)",450,1329,Pass,,,
15 February 2026,B-TU-001,18/1/2026_94518,ทิ้ง,"Deform (เบี้ยว, ผิดรูปร่าง)",450,614,Pass,,,
18 January 2026,B-TU-001,13/8/2025_54229,ทิ้ง,"Deform (เบี้ยว, ผิดรูปร่าง)",450,2079,Pass,,,
16 November 2025,B-TU-001,1/11/2025_154328,ทิ้ง,"Deform (เบี้ยว, ผิดรูปร่าง)",450,4682,Pass,,,
15 October 2025,B-TU-001,8/28/2025_01417,ทิ้ง,"Deform (เบี้ยว, ผิดรูปร่าง)",450,534,Pass,,,
03 October 2025,B-TU-001,9/10/2025_102122,ทิ้ง,"Deform (เบี้ยว, ผิดรูปร่าง)",450,535,Pass,,,
10 September 2025,B-TU-001,5/17/2025_134856,ทิ้ง,"Deform (เบี้ยว, ผิดรูปร่าง)",450,1761,Pass,,,
10 September 2025,B-TU-001,7/28/2025_134437,ทิ้ง,"Deform (เบี้ยว, ผิดรูปร่าง)",450,829,Pass,,,
12 August 2025,B-TU-001,10/2/2024_125210,ทิ้ง,Leak (รั่ว),450,2840,Pass,,,
11 August 2025,B-TU-001,5/18/2024_11741,ทิ้ง,"Deform (เบี้ยว, ผิดรูปร่าง)",450,5832,Pass,,,
08 August 2025,B-TU-001,6/10/2024_81827,ทิ้ง,"Deform (เบี้ยว, ผิดรูปร่าง)",450,2443,Pass,,,
28 July 2025,B-TU-001,27/4/2025_91842,ทิ้ง,"Deform (เบี้ยว, ผิดรูปร่าง)",450,1410,Pass,,,
17 May 2025,B-TU-001,10/26/2024_52625,ทิ้ง,"Deform (เบี้ยว, ผิดรูปร่าง)",450,2754,Pass,,,
23 April 2025,B-TU-001,11/8/2024_1719,ทิ้ง,"Deform (เบี้ยว, ผิดรูปร่าง)",450,1851,Pass,,,
11 December 2024,B-TU-001,9/16/2024_152341,ทิ้ง,"Deform (เบี้ยว, ผิดรูปร่าง)",450,1247,Pass,,,
16 September 2024,B-TU-001,5/18/2024_1139,ทิ้ง,"Deform (เบี้ยว, ผิดรูปร่าง)",450,533,Pass,,,
30 June 2026,B-TU-001,25/5/2026_231936,ทิ้ง,"Deform (เบี้ยว, ผิดรูปร่าง)",450,286,Abnormal,,,
11 June 2026,B-TU-001,6/5/2026_162853,ทิ้ง,"Deform (เบี้ยว, ผิดรูปร่าง)",450,124,Abnormal,,,
06 June 2026,B-TU-001,24/3/2026_224240,ทิ้ง,"Deform (เบี้ยว, ผิดรูปร่าง)",450,315,Abnormal,,,
11 September 2025,B-TU-001,9/10/2025_102354,ทิ้ง,"Deform (เบี้ยว, ผิดรูปร่าง)",450,21,Abnormal,,,
27 April 2025,B-TU-001,4/24/2025_15858,ทิ้ง,"Deform (เบี้ยว, ผิดรูปร่าง)",450,97,Abnormal,,,
23 October 2025,B-TU-001,10/3/2025_234838,ทิ้ง,"Deform (เบี้ยว, ผิดรูปร่าง)",450,307,Abnormal,,,
27 August 2025,B-TU-001,8/8/2025_17373,ทิ้ง,"Deform (เบี้ยว, ผิดรูปร่าง)",450,325,Abnormal,,,
10 November 2025,B-TU-001,21/10/2025_135022,ทิ้ง,"Deform (เบี้ยว, ผิดรูปร่าง)",450,371,Abnormal,,,
21 October 2025,B-TU-001,9/29/2025_135728,ทิ้ง,"Deform (เบี้ยว, ผิดรูปร่าง)",450,371,Abnormal,,,
19 December 2025,B-TU-001,10/11/2025_13125,ทิ้ง,"Deform (เบี้ยว, ผิดรูปร่าง)",450,375,Abnormal,,,
29 September 2025,B-TU-001,9/11/2025_213447,ทิ้ง,"Deform (เบี้ยว, ผิดรูปร่าง)",450,426,Abnormal,,,
11 January 2025,B-TU-001,11/12/2024_23554,ทิ้ง,"Deform (เบี้ยว, ผิดรูปร่าง)",450,431,Abnormal,,,
08 November 2024,B-TU-001,10/27/2024_24058,ทิ้ง,"Deform (เบี้ยว, ผิดรูปร่าง)",450,305,Abnormal,,,
26 October 2024,B-TU-001,10/18/2024_54129,ทิ้ง,"Deform (เบี้ยว, ผิดรูปร่าง)",450,213,Abnormal,,,
25 October 2024,B-TU-001,19/10/2024_153539,ทิ้ง,"Deform (เบี้ยว, ผิดรูปร่าง)",450,144,Abnormal,,,
19 October 2024,B-TU-001,13/10/2024_134145,ทิ้ง,"Deform (เบี้ยว, ผิดรูปร่าง)",450,129,Abnormal,,,
17 October 2024,B-TU-001,10/13/2024_134611,ทิ้ง,"Deform (เบี้ยว, ผิดรูปร่าง)",450,83,Abnormal,,,
06 October 2024,B-TU-001,9/9/2024_133743,ทิ้ง,"Deform (เบี้ยว, ผิดรูปร่าง)",450,442,Abnormal,,,
04 July 2026,B-TU-002,4/26/2026_204127,ทิ้ง,Leak (รั่ว),570,1601,Pass,,,
24 June 2026,B-TU-002,4/22/2026_31650,ทิ้ง,Leak (รั่ว),570,1511,Pass,,,
26 April 2026,B-TU-002,2/28/2026_195846,ทิ้ง,Tear (ฉีกขาด),570,2335,Pass,,,
21 April 2026,B-TU-002,2/28/2026_104033,ทิ้ง,Leak (รั่ว),570,1447,Pass,,,
16 April 2026,B-TU-002,3/16/2026_183012,ทิ้ง,Leak (รั่ว),570,803,Pass,,,
07 April 2026,B-TU-002,16/11/2025_214855,ทิ้ง,Leak (รั่ว),570,1532,Pass,,,
15 March 2026,B-TU-002,11/2/2026_84221,ทิ้ง,Leak (รั่ว),570,1446,Pass,,,
28 February 2026,B-TU-002,8/15/2025_133116,ทิ้ง,Leak (รั่ว),570,4547,Pass,,,
11 February 2026,B-TU-002,8/16/2025_82123,ทิ้ง,Leak (รั่ว),570,3734,Pass,,,
12 January 2026,B-TU-002,11/15/2025_184244,ทิ้ง,Leak (รั่ว),570,776,Pass,,,
15 November 2025,B-TU-002,1/8/2024_22222,ทิ้ง,Leak (รั่ว),570,969,Pass,,,
18 October 2025,B-TU-002,3/22/2025_165240,ทิ้ง,Leak (รั่ว),570,2784,Pass,,,
17 October 2025,B-TU-002,7/2/2025_75453,ทิ้ง,Leak (รั่ว),570,1673,Pass,,,
16 August 2025,B-TU-002,5/2/2025_17129,ทิ้ง,Leak (รั่ว),570,1627,Pass,,,
02 July 2025,B-TU-002,8/22/2024_2569,ทิ้ง,Leak (รั่ว),570,2682,Pass,,,
02 May 2025,B-TU-002,1/20/2025_92121,ทิ้ง,Leak (รั่ว),570,1263,Pass,,,
06 March 2025,B-TU-002,24/12/2024_213149,ทิ้ง,Leak (รั่ว),570,1423,Pass,,,
24 December 2024,B-TU-002,13/11/2024_185326,ทิ้ง,"Deform (เบี้ยว, ผิดรูปร่าง)",570,674,Pass,,,
16 March 2026,B-TU-002,1/13/2026_414,ทิ้ง,Leak (รั่ว),570,266,Abnormal,,,
16 November 2025,B-TU-002,10/18/2025_202935,ทิ้ง,Leak (รั่ว),570,423,Abnormal,,,
13 November 2024,B-TU-002,11/3/2024_22149,ทิ้ง,Leak (รั่ว),570,497,Abnormal,,,
06 November 2024,B-TU-002,9/19/2024_18219,ทิ้ง,"Deform (เบี้ยว, ผิดรูปร่าง)",570,537,Abnormal,,,
02 November 2024,B-TU-002,19/8/2024_201811,ทิ้ง,"Deform (เบี้ยว, ผิดรูปร่าง)",570,436,Abnormal,,,
21 August 2024,B-TU-002,25/5/2024_9314,ทิ้ง,Leak (รั่ว),570,530,Abnormal,,,
20 February 2026,B-TU-003,1/20/2026_8436,ทิ้ง,"Deform (เบี้ยว, ผิดรูปร่าง)",830,848,Pass,,,
11 February 2026,B-TU-003,12/11/2024_9024,ทิ้ง,Leak (รั่ว),830,1266,Pass,,,
25 October 2025,B-TU-003,7/23/2025_92544,ทิ้ง,"Deform (เบี้ยว, ผิดรูปร่าง)",830,1265,Pass,,,
21 March 2025,B-TU-003,15/1/2025_111027,ทิ้ง,"Deform (เบี้ยว, ผิดรูปร่าง)",830,977,Pass,,,
14 March 2025,B-TU-003,13/1/2025_224514,ทิ้ง,"Deform (เบี้ยว, ผิดรูปร่าง)",830,848,Pass,,,
12 November 2024,B-TU-003,18/9/2024_133923,ทิ้ง,"Deform (เบี้ยว, ผิดรูปร่าง)",830,1106,Pass,,,
01 March 2026,B-TU-003,2/11/2026_203143,ทิ้ง,"Deform (เบี้ยว, ผิดรูปร่าง)",830,514,Abnormal,,,
20 January 2026,B-TU-003,12/28/2025_183654,ทิ้ง,"Deform (เบี้ยว, ผิดรูปร่าง)",830,99,Abnormal,,,
29 July 2025,B-TU-003,7/19/2025_17102,ทิ้ง,"Deform (เบี้ยว, ผิดรูปร่าง)",830,276,Abnormal,,,
15 January 2025,B-TU-003,25/12/2024_12943,ทิ้ง,"Deform (เบี้ยว, ผิดรูปร่าง)",830,437,Abnormal,,,
25 October 2025,B-TU-003,17/9/2025_1451,ทิ้ง,"Deform (เบี้ยว, ผิดรูปร่าง)",830,450,Abnormal,,,
23 July 2025,B-TU-003,21/3/2025_154741,ทิ้ง,"Deform (เบี้ยว, ผิดรูปร่าง)",830,535,Abnormal,,,
19 July 2025,B-TU-003,7/19/2025_95246,ทิ้ง,"Deform (เบี้ยว, ผิดรูปร่าง)",830,,Abnormal,,,
24 December 2024,B-TU-003,7/11/2024_13758,ทิ้ง,"Deform (เบี้ยว, ผิดรูปร่าง)",830,813,Abnormal,,,
06 November 2024,B-TU-003,6/10/2024_81734,ทิ้ง,"Deform (เบี้ยว, ผิดรูปร่าง)",830,472,Abnormal,,,
06 October 2024,B-TU-003,14/9/2024_102612,ทิ้ง,"Deform (เบี้ยว, ผิดรูปร่าง)",830,578,Abnormal,,,
10 July 2026,B-TU-004,5/6/2025_152735,ทิ้ง,Leak (รั่ว),400,3113,Pass,,,
04 July 2026,B-TU-004,4/25/2026_153935,ทิ้ง,B/O,400,624,Pass,,,
28 April 2026,B-TU-004,2/24/2026_212810,ทิ้ง,Leak (รั่ว),400,548,Pass,,,
25 April 2026,B-TU-004,2/22/2026_202420,ทิ้ง,Leak (รั่ว),400,480,Pass,,,
24 February 2026,B-TU-004,2/17/2026_34149,ทิ้ง,Leak (รั่ว),400,531,Pass,,,
22 February 2026,B-TU-004,2/15/2026_22123,ทิ้ง,Leak (รั่ว),400,508,Pass,,,
16 February 2026,B-TU-004,24/1/2026_235912,ทิ้ง,Leak (รั่ว),400,423,Pass,,,
14 February 2026,B-TU-004,1/23/2026_4412,ทิ้ง,Leak (รั่ว),400,435,Pass,,,
21 November 2025,B-TU-004,11/28/2024_13523,ทิ้ง,"Deform (เบี้ยว, ผิดรูปร่าง)",400,1349,Pass,,,
19 November 2025,B-TU-004,11/8/2025_12751,ทิ้ง,Leak (รั่ว),400,494,Pass,,,
17 November 2025,B-TU-004,9/12/2025_25832,ทิ้ง,Leak (รั่ว),400,441,Pass,,,
14 November 2025,B-TU-004,9/11/2025_214521,ทิ้ง,Leak (รั่ว),400,439,Pass,,,
31 October 2025,B-TU-004,12/9/2024_13012,ทิ้ง,"Deform (เบี้ยว, ผิดรูปร่าง)",400,643,Pass,,,
14 September 2025,B-TU-004,7/9/2025_04747,ทิ้ง,Leak (รั่ว),400,1560,Pass,,,
08 July 2025,B-TU-004,6/1/2025_201550,ทิ้ง,Leak (รั่ว),400,1950,Pass,,,
05 June 2025,B-TU-004,5/2/2025_213217,ทิ้ง,Leak (รั่ว),400,603,Pass,,,
01 June 2025,B-TU-004,5/2/2025_084,ทิ้ง,Leak (รั่ว),400,409,Pass,,,
02 May 2025,B-TU-004,11/26/2024_14510,ทิ้ง,Leak (รั่ว),400,842,Pass,,,
01 May 2025,B-TU-004,3/17/2025_142558,ทิ้ง,Leak (รั่ว),400,422,Pass,,,
17 March 2025,B-TU-004,11/17/2024_104113,ทิ้ง,Leak (รั่ว),400,645,Pass,,,
09 February 2025,B-TU-004,12/2/2024_185813,ทิ้ง,Leak (รั่ว),400,677,Pass,,,
02 December 2024,B-TU-004,10/9/2024_21647,ทิ้ง,Leak (รั่ว),400,449,Pass,,,
25 November 2024,B-TU-004,5/11/2024_20153,ทิ้ง,Leak (รั่ว),400,577,Pass,,,
17 November 2024,B-TU-004,4/10/2024_3212,ทิ้ง,Leak (รั่ว),400,468,Pass,,,
08 October 2024,B-TU-004,24/9/2024_195814,ทิ้ง,Leak (รั่ว),400,498,Pass,,,
10 July 2026,B-TU-004,7/4/2026_912,ทิ้ง,Leak (รั่ว),400,379,Abnormal,,,
24 January 2026,B-TU-004,1/19/2026_141121,ทิ้ง,Leak (รั่ว),400,286,Abnormal,,,
22 January 2026,B-TU-004,1/16/2026_8261,ทิ้ง,Leak (รั่ว),400,331,Abnormal,,,
19 January 2026,B-TU-004,11/19/2025_13654,ทิ้ง,Leak (รั่ว),400,257,Abnormal,,,
16 January 2026,B-TU-004,11/14/2025_19317,ทิ้ง,Tear (ฉีกขาด),400,270,Abnormal,,,
05 November 2025,B-TU-004,10/31/2025_172132,ทิ้ง,Leak (รั่ว),400,229,Abnormal,,,
07 November 2025,B-TU-004,11/3/2025_93142,ทิ้ง,Leak (รั่ว),400,231,Abnormal,,,
16 November 2025,B-TU-004,9/15/2025_05418,ทิ้ง,Leak (รั่ว),400,268,Abnormal,,,
03 November 2025,B-TU-004,2/9/2025_122458,ทิ้ง,Leak (รั่ว),400,354,Abnormal,,,
28 November 2024,B-TU-004,10/9/2024_21746,ทิ้ง,"Deform (เบี้ยว, ผิดรูปร่าง)",400,216,Abnormal,,,
16 October 2024,B-TU-004,9/25/2024_13125,ทิ้ง,Leak (รั่ว),400,360,Abnormal,,,
08 October 2024,B-TU-004,28/9/2024_194919,ทิ้ง,Tear (ฉีกขาด),400,361,Abnormal,,,
03 October 2024,B-TU-004,30/9/2024_11248,ทิ้ง,"Deform (เบี้ยว, ผิดรูปร่าง)",400,88,Abnormal,,,
29 September 2024,B-TU-004,30/9/2024_01239,ทิ้ง,Bad material (วัสดุไม่ดี),400,,Abnormal,,,
28 September 2024,B-TU-004,8/22/2024_13593,ทิ้ง,Leak (รั่ว),400,388,Abnormal,,,
27 September 2024,B-TU-004,19/8/2024_92227,ทิ้ง,Leak (รั่ว),400,198,Abnormal,,,
25 September 2024,B-TU-004,19/8/2024_92123,ทิ้ง,"Deform (เบี้ยว, ผิดรูปร่าง)",400,143,Abnormal,,,
28 August 2024,B-TU-004,27/7/2024_18217,ทิ้ง,Leak (รั่ว),400,297,Abnormal,,,
13 July 2026,B-TU-005,6/27/2025_18146,ทิ้ง,Leak (รั่ว),680,1046,Pass,,,
30 June 2026,B-TU-005,,ทิ้ง,Leak (รั่ว),680,11220,Pass,,,
17 May 2026,B-TU-005,2/27/2026_213441,ทิ้ง,Leak (รั่ว),680,1742,Pass,,,
02 April 2026,B-TU-005,3/9/2026_04250,ทิ้ง,Leak (รั่ว),680,897,Pass,,,
08 March 2026,B-TU-005,26/1/2026_13627,ทิ้ง,Leak (รั่ว),680,739,Pass,,,
27 December 2025,B-TU-005,12/4/2025_31429,ทิ้ง,Leak (รั่ว),680,934,Pass,,,
27 December 2025,B-TU-005,12/4/2025_3154,ทิ้ง,Leak (รั่ว),680,934,Pass,,,
03 December 2025,B-TU-005,11/2/2025_22333,ทิ้ง,Leak (รั่ว),680,1163,Pass,,,
03 December 2025,B-TU-005,11/4/2025_2394,ทิ้ง,Leak (รั่ว),680,1063,Pass,,,
01 November 2025,B-TU-005,9/23/2025_234456,ทิ้ง,Leak (รั่ว),680,885,Pass,,,
30 September 2025,B-TU-005,26/8/2025_115413,ทิ้ง,Leak (รั่ว),680,1785,Pass,,,
23 September 2025,B-TU-005,7/22/2025_14440,ทิ้ง,Leak (รั่ว),680,2013,Pass,,,
22 July 2025,B-TU-005,3/6/2025_141956,ทิ้ง,"Deform (เบี้ยว, ผิดรูปร่าง)",680,1946,Pass,,,
27 June 2025,B-TU-005,10/3/2025_142928,ทิ้ง,Leak (รั่ว),680,1394,Pass,,,
06 March 2025,B-TU-005,1/10/2025_81925,ทิ้ง,Leak (รั่ว),680,1604,Pass,,,
10 January 2025,B-TU-005,10/31/2024_192319,ทิ้ง,Leak (รั่ว),680,862,Pass,,,
25 December 2024,B-TU-005,10/30/2024_202616,ทิ้ง,Leak (รั่ว),680,777,Pass,,,
25 October 2024,B-TU-005,9/10/2024_21053,ทิ้ง,Leak (รั่ว),680,978,Pass,,,
04 June 2026,B-TU-005,5/27/2026_84519,ทิ้ง,Tear (ฉีกขาด),680,407,Abnormal,,,
27 February 2026,B-TU-005,1/20/2026_64810,ทิ้ง,Leak (รั่ว),680,602,Abnormal,,,
25 January 2026,B-TU-005,1/19/2026_141244,ทิ้ง,Leak (รั่ว),680,326,Abnormal,,,
19 January 2026,B-TU-005,1/7/2026_105038,ทิ้ง,Tear (ฉีกขาด),680,299,Abnormal,,,
19 January 2026,B-TU-005,12/27/2025_17101,ทิ้ง,Leak (รั่ว),680,661,Abnormal,,,
07 January 2026,B-TU-005,12/27/2025_171046,ทิ้ง,Leak (รั่ว),680,362,Abnormal,,,
10 March 2025,B-TU-005,2/28/2025_182649,ทิ้ง,Leak (รั่ว),680,406,Abnormal,,,
03 November 2025,B-TU-005,9/30/2025_92729,ทิ้ง,"Deform (เบี้ยว, ผิดรูปร่าง)",680,636,Abnormal,,,
31 October 2024,B-TU-005,10/7/2024_53126,ทิ้ง,Leak (รั่ว),680,634,Abnormal,,,
30 October 2024,B-TU-005,10/25/2024_124658,ทิ้ง,Leak (รั่ว),680,243,Abnormal,,,
06 October 2024,B-TU-005,7/13/2024_23109,ทิ้ง,Leak (รั่ว),680,637,Abnormal,,,
16 May 2026,B-TU-006,1/5/2026_84514,ทิ้ง,Leak (รั่ว),1110,5556,Pass,,,
19 March 2026,B-TU-006,26/1/2026_6121,ทิ้ง,Tear (ฉีกขาด),1110,1783,Pass,,,
25 January 2026,B-TU-006,10/15/2025_16465,ทิ้ง,Leak (รั่ว),1110,1285,Pass,,,
16 October 2025,B-TU-006,5/27/2025_164428,ทิ้ง,"Deform (เบี้ยว, ผิดรูปร่าง)",1110,2776,Pass,,,
12 October 2025,B-TU-006,5/21/2025_211910,ทิ้ง,Leak (รั่ว),1110,3445,Pass,,,
27 May 2025,B-TU-006,25/12/2024_91546,ทิ้ง,Leak (รั่ว),1110,3170,Pass,,,
21 May 2025,B-TU-006,25/12/2024_9137,ทิ้ง,Leak (รั่ว),1110,2880,Pass,,,
23 October 2024,B-TU-006,9/9/2024_85552,ทิ้ง,Leak (รั่ว),1110,1214,Pass,,,
05 January 2026,B-TU-006,10/16/2025_13352,ทิ้ง,Tear (ฉีกขาด),1110,982,Abnormal,,,
15 October 2025,B-TU-006,10/23/2024_102225,ทิ้ง,"Deform (เบี้ยว, ผิดรูปร่าง)",1110,856,Abnormal,,,
09 September 2024,B-TU-006,26/7/2024_16236,ทิ้ง,Leak (รั่ว),1110,747,Abnormal,,,
11 July 2026,B-TU-007,6/11/2026_172232,ทิ้ง,"Deform (เบี้ยว, ผิดรูปร่าง)",540,1658,Pass,,,
11 June 2026,B-TU-007,12/2/2025_18337,ทิ้ง,Leak (รั่ว),540,2575,Pass,,,
10 May 2026,B-TU-007,13/1/2026_85740,ทิ้ง,Tear (ฉีกขาด),540,1270,Pass,,,
05 May 2026,B-TU-007,12/12/2025_11245,ทิ้ง,"Deform (เบี้ยว, ผิดรูปร่าง)",540,2437,Pass,,,
04 January 2026,B-TU-007,12/18/2025_175158,ทิ้ง,Leak (รั่ว),540,635,Pass,,,
19 December 2025,B-TU-007,4/11/2025_92131,ทิ้ง,Leak (รั่ว),540,1716,Pass,,,
23 November 2025,B-TU-007,8/31/2025_233659,ทิ้ง,Leak (รั่ว),540,2864,Pass,,,
04 November 2025,B-TU-007,9/8/2025_92640,ทิ้ง,"Deform (เบี้ยว, ผิดรูปร่าง)",540,2201,Pass,,,
20 September 2025,B-TU-007,8/31/2025_214029,ทิ้ง,Leak (รั่ว),540,1056,Pass,,,
08 September 2025,B-TU-007,7/31/2025_9348,ทิ้ง,"Deform (เบี้ยว, ผิดรูปร่าง)",540,977,Pass,,,
31 August 2025,B-TU-007,7/5/2025_123222,ทิ้ง,B/O,540,1375,Pass,,,
31 July 2025,B-TU-007,6/16/2025_04556,ทิ้ง,"Deform (เบี้ยว, ผิดรูปร่าง)",540,1320,Pass,,,
05 July 2025,B-TU-007,12/20/2024_22540,ทิ้ง,"Deform (เบี้ยว, ผิดรูปร่าง)",540,3048,Pass,,,
01 July 2025,B-TU-007,2/21/2025_231932,ทิ้ง,Leak (รั่ว),540,1605,Pass,,,
29 June 2025,B-TU-007,4/17/2025_131835,ทิ้ง,Leak (รั่ว),540,2462,Pass,,,
09 June 2025,B-TU-007,19/4/2025_52218,ทิ้ง,"Deform (เบี้ยว, ผิดรูปร่าง)",540,1414,Pass,,,
10 April 2025,B-TU-007,2/25/2025_1090,ทิ้ง,"Deform (เบี้ยว, ผิดรูปร่าง)",540,564,Pass,,,
04 April 2025,B-TU-007,12/17/2024_22330,ทิ้ง,Leak (รั่ว),540,2822,Pass,,,
21 February 2025,B-TU-007,10/21/2024_04940,ทิ้ง,Leak (รั่ว),540,3607,Pass,,,
20 December 2024,B-TU-007,10/19/2024_54644,ทิ้ง,Leak (รั่ว),540,2434,Pass,,,
17 December 2024,B-TU-007,9/14/2024_1531,ทิ้ง,"Deform (เบี้ยว, ผิดรูปร่าง)",540,1026,Pass,,,
13 January 2026,B-TU-007,1/10/2026_225938,ทิ้ง,"Deform (เบี้ยว, ผิดรูปร่าง)",540,151,Abnormal,,,
10 January 2026,B-TU-007,5/1/2026_0212,ทิ้ง,"Deform (เบี้ยว, ผิดรูปร่าง)",540,303,Abnormal,,,
18 April 2025,B-TU-007,4/17/2025_104651,ทิ้ง,"Deform (เบี้ยว, ผิดรูปร่าง)",540,46,Abnormal,,,
23 February 2025,B-TU-007,16/1/2025_143221,ทิ้ง,"Deform (เบี้ยว, ผิดรูปร่าง)",540,61,Abnormal,,,
22 November 2025,B-TU-007,11/20/2025_143534,ทิ้ง,"Deform (เบี้ยว, ผิดรูปร่าง)",540,71,Abnormal,,,
31 August 2025,B-TU-007,8/29/2025_14036,ทิ้ง,Bad material (วัสดุไม่ดี),540,79,Abnormal,,,
17 April 2025,B-TU-007,4/10/2025_8382,ทิ้ง,Tear (ฉีกขาด),540,143,Abnormal,,,
03 December 2025,B-TU-007,30/11/2025_85657,ทิ้ง,"Deform (เบี้ยว, ผิดรูปร่าง)",540,149,Abnormal,,,
24 November 2025,B-TU-007,11/20/2025_143618,ทิ้ง,Leak (รั่ว),540,161,Abnormal,,,
27 November 2025,B-TU-007,11/23/2025_74246,ทิ้ง,"Deform (เบี้ยว, ผิดรูปร่าง)",540,188,Abnormal,,,
09 December 2025,B-TU-007,12/3/2025_19329,ทิ้ง,"Deform (เบี้ยว, ผิดรูปร่าง)",540,252,Abnormal,,,
24 July 2025,B-TU-007,6/30/2025_35254,ทิ้ง,"Deform (เบี้ยว, ผิดรูปร่าง)",540,286,Abnormal,,,
30 November 2025,B-TU-007,11/25/2025_11018,ทิ้ง,"Deform (เบี้ยว, ผิดรูปร่าง)",540,298,Abnormal,,,
03 December 2025,B-TU-007,11/27/2025_11352,ทิ้ง,"Deform (เบี้ยว, ผิดรูปร่าง)",540,302,Abnormal,,,
15 June 2025,B-TU-007,6/10/2025_12923,ทิ้ง,"Deform (เบี้ยว, ผิดรูปร่าง)",540,306,Abnormal,,,
04 March 2025,B-TU-007,2/23/2025_16043,ทิ้ง,"Deform (เบี้ยว, ผิดรูปร่าง)",540,325,Abnormal,,,
31 July 2025,B-TU-007,7/25/2025_55416,ทิ้ง,"Deform (เบี้ยว, ผิดรูปร่าง)",540,338,Abnormal,,,
11 December 2025,B-TU-007,12/3/2025_19142,ทิ้ง,"Deform (เบี้ยว, ผิดรูปร่าง)",540,352,Abnormal,,,
28 September 2025,B-TU-007,9/20/2025_234756,ทิ้ง,"Deform (เบี้ยว, ผิดรูปร่าง)",540,416,Abnormal,,,
18 December 2025,B-TU-007,12/10/2025_5254,ทิ้ง,Leak (รั่ว),540,438,Abnormal,,,
29 August 2025,B-TU-007,7/31/2025_9145,ทิ้ง,"Deform (เบี้ยว, ผิดรูปร่าง)",540,479,Abnormal,,,
09 December 2025,B-TU-007,30/11/2025_85630,ทิ้ง,"Deform (เบี้ยว, ผิดรูปร่าง)",540,,Abnormal,,,
20 October 2024,B-TU-007,20/10/2024_164957,ทิ้ง,"Deform (เบี้ยว, ผิดรูปร่าง)",540,,Abnormal,,,
20 October 2024,B-TU-007,7/9/2024_101040,ทิ้ง,Tear (ฉีกขาด),540,449,Abnormal,,,
18 October 2024,B-TU-007,9/13/2024_4190,ทิ้ง,"Deform (เบี้ยว, ผิดรูปร่าง)",540,226,Abnormal,,,
04 October 2024,B-TU-007,9/16/2024_93643,ทิ้ง,"Deform (เบี้ยว, ผิดรูปร่าง)",540,218,Abnormal,,,
16 September 2024,B-TU-007,9/8/2024_162112,ทิ้ง,"Deform (เบี้ยว, ผิดรูปร่าง)",540,217,Abnormal,,,
13 September 2024,B-TU-007,9/11/2024_153128,ทิ้ง,"Deform (เบี้ยว, ผิดรูปร่าง)",540,49,Abnormal,,,
12 September 2024,B-TU-007,19/7/2024_104459,ทิ้ง,"Deform (เบี้ยว, ผิดรูปร่าง)",540,354,Abnormal,,,
12 September 2024,B-TU-007,8/28/2024_204430,ทิ้ง,Leak (รั่ว),540,354,Abnormal,,,
08 September 2024,B-TU-007,8/21/2024_25731,ทิ้ง,"Deform (เบี้ยว, ผิดรูปร่าง)",540,374,Abnormal,,,
30 August 2024,B-TU-007,6/17/2024_19913,ทิ้ง,Leak (รั่ว),540,34,Abnormal,,,
20 August 2024,B-TU-007,8/13/2024_153411,ทิ้ง,Leak (รั่ว),540,279,Abnormal,,,
23 June 2025,B-TU-008,8/22/2024_5269,ทิ้ง,Leak (รั่ว),440,3127,Pass,,,
20 May 2026,B-TU-009,1/20/2026_171343,ทิ้ง,Leak (รั่ว),1000,1585,Pass,,,
04 May 2026,B-TU-009,10/2/2025_10224,ทิ้ง,"Deform (เบี้ยว, ผิดรูปร่าง)",1000,4657,Pass,,,
19 March 2026,B-TU-009,11/1/2026_17039,ทิ้ง,Leak (รั่ว),1000,1626,Pass,,,
20 January 2026,B-TU-009,8/20/2025_101642,ทิ้ง,"Deform (เบี้ยว, ผิดรูปร่าง)",1000,3393,Pass,,,
15 January 2026,B-TU-009,12/12/2025_182637,ทิ้ง,"Deform (เบี้ยว, ผิดรูปร่าง)",1000,1024,Pass,,,
11 January 2026,B-TU-009,12/7/2025_213522,ทิ้ง,"Deform (เบี้ยว, ผิดรูปร่าง)",1000,1056,Pass,,,
02 October 2025,B-TU-009,8/6/2024_103810,ทิ้ง,Leak (รั่ว),1000,6634,Pass,,,
01 September 2025,B-TU-009,7/23/2025_111157,ทิ้ง,"Deform (เบี้ยว, ผิดรูปร่าง)",1000,1190,Pass,,,
12 August 2025,B-TU-009,6/23/2025_212911,ทิ้ง,"Deform (เบี้ยว, ผิดรูปร่าง)",1000,1501,Pass,,,
23 July 2025,B-TU-009,5/23/2025_043,ทิ้ง,"Deform (เบี้ยว, ผิดรูปร่าง)",1000,2064,Pass,,,
30 May 2025,B-TU-009,4/30/2025_135913,ทิ้ง,"Deform (เบี้ยว, ผิดรูปร่าง)",1000,1006,Pass,,,
29 May 2025,B-TU-009,3/23/2025_16543,ทิ้ง,"Deform (เบี้ยว, ผิดรูปร่าง)",1000,1321,Pass,,,
22 May 2025,B-TU-009,4/10/2025_18417,ทิ้ง,"Deform (เบี้ยว, ผิดรูปร่าง)",1000,1261,Pass,,,
30 April 2025,B-TU-009,3/10/2025_01558,ทิ้ง,"Deform (เบี้ยว, ผิดรูปร่าง)",1000,1558,Pass,,,
10 April 2025,B-TU-009,12/21/2024_195352,ทิ้ง,"Deform (เบี้ยว, ผิดรูปร่าง)",1000,3501,Pass,,,
14 March 2025,B-TU-009,1/9/2025_20433,ทิ้ง,"Deform (เบี้ยว, ผิดรูปร่าง)",1000,1902,Pass,,,
09 March 2025,B-TU-009,10/17/2024_104242,ทิ้ง,"Deform (เบี้ยว, ผิดรูปร่าง)",1000,4591,Pass,,,
23 February 2025,B-TU-009,1/9/2025_20525,ทิ้ง,"Deform (เบี้ยว, ผิดรูปร่าง)",1000,1390,Pass,,,
09 January 2025,B-TU-009,11/7/2024_21656,ทิ้ง,"Deform (เบี้ยว, ผิดรูปร่าง)",1000,1736,Pass,,,
09 January 2025,B-TU-009,8/25/2024_10038,ทิ้ง,Leak (รั่ว),1000,3475,Pass,,,
21 December 2024,B-TU-009,13/11/2024_163843,ทิ้ง,"Deform (เบี้ยว, ผิดรูปร่าง)",1000,1230,Pass,,,
13 November 2024,B-TU-009,7/16/2024_95326,ทิ้ง,"Deform (เบี้ยว, ผิดรูปร่าง)",1000,1101,Pass,,,
19 May 2026,B-TU-009,5/4/2026_223915,ทิ้ง,"Deform (เบี้ยว, ผิดรูปร่าง)",1000,515,Abnormal,,,
07 April 2026,B-TU-009,3/19/2026_163332,ทิ้ง,"Deform (เบี้ยว, ผิดรูปร่าง)",1000,645,Abnormal,,,
12 November 2025,B-TU-009,6/11/2025_101339,ทิ้ง,"Deform (เบี้ยว, ผิดรูปร่าง)",1000,211,Abnormal,,,
16 May 2025,B-TU-009,3/14/2025_9646,ทิ้ง,"Deform (เบี้ยว, ผิดรูปร่าง)",1000,214,Abnormal,,,
20 August 2025,B-TU-009,8/12/2025_144151,ทิ้ง,"Deform (เบี้ยว, ผิดรูปร่าง)",1000,276,Abnormal,,,
05 June 2025,B-TU-009,14/3/2025_11733,ทิ้ง,B/O,1000,370,Abnormal,,,
17 November 2025,B-TU-009,8/2/2025_23497,ทิ้ง,"Deform (เบี้ยว, ผิดรูปร่าง)",1000,584,Abnormal,,,
07 December 2025,B-TU-009,17/11/2025_19143,ทิ้ง,"Deform (เบี้ยว, ผิดรูปร่าง)",1000,638,Abnormal,,,
02 August 2025,B-TU-009,29/5/2025_102656,ทิ้ง,"Deform (เบี้ยว, ผิดรูปร่าง)",1000,786,Abnormal,,,
23 June 2025,B-TU-009,5/30/2025_184928,ทิ้ง,"Deform (เบี้ยว, ผิดรูปร่าง)",1000,803,Abnormal,,,
27 September 2025,B-TU-009,9/2/2025_51537,ทิ้ง,"Deform (เบี้ยว, ผิดรูปร่าง)",1000,869,Abnormal,,,
25 October 2025,B-TU-009,28/9/2025_0920,ทิ้ง,Leak (รั่ว),1000,895,Abnormal,,,
12 December 2025,B-TU-009,11/12/2025_202448,ทิ้ง,"Deform (เบี้ยว, ผิดรูปร่าง)",1000,985,Abnormal,,,
11 October 2024,B-TU-009,8/10/2024_95329,ทิ้ง,B/O,1000,73,Abnormal,,,
08 October 2024,B-TU-009,16/8/2024_153147,ทิ้ง,B/O,1000,814,Abnormal,,,
03 May 2026,B-TU-010,9/7/2024_162042,ทิ้ง,Leak (รั่ว),300,7186,Pass,,,
29 January 2026,B-TU-010,9/13/2024_221528,ทิ้ง,Leak (รั่ว),300,2936,Pass,,,
20 October 2025,B-TU-010,2/7/2025_45235,ทิ้ง,Leak (รั่ว),300,2619,Pass,,,
10 September 2025,B-TU-010,25/12/2024_14125,ทิ้ง,"Deform (เบี้ยว, ผิดรูปร่าง)",300,3022,Pass,,,
04 June 2025,B-TU-010,23/8/2024_71459,ทิ้ง,Leak (รั่ว),300,2979,Pass,,,
04 June 2025,B-TU-010,23/8/2024_72034,ทิ้ง,Leak (รั่ว),300,3423,Pass,,,
13 September 2024,B-TU-010,9/3/2024_141949,ทิ้ง,"Deform (เบี้ยว, ผิดรูปร่าง)",300,218,Abnormal,,,
08 December 2024,B-TU-011,12/3/2024_14276,ทิ้ง,Leak (รั่ว),180,135,Abnormal,,,
02 February 2025,B-TU-012,6/1/2025_6479,ทิ้ง,Leak (รั่ว),290,419,Pass,,,
28 December 2024,B-TU-012,11/12/2024_124637,ทิ้ง,Leak (รั่ว),290,332,Pass,,,
23 September 2024,B-TU-012,8/29/2024_14227,ทิ้ง,Leak (รั่ว),290,673,Pass,,,
14 July 2026,B-TU-012,6/24/2026_191250,ทิ้ง,Leak (รั่ว),290,246,Abnormal,,,
11 July 2026,B-TU-012,6/23/2026_53441,ทิ้ง,Tear (ฉีกขาด),290,189,Abnormal,,,
24 June 2026,B-TU-012,6/20/2026_183030,ทิ้ง,Leak (รั่ว),290,227,Abnormal,,,
22 June 2026,B-TU-012,6/17/2026_212019,ทิ้ง,Leak (รั่ว),290,286,Abnormal,,,
20 June 2026,B-TU-012,6/16/2026_175241,ทิ้ง,Leak (รั่ว),290,248,Abnormal,,,
17 June 2026,B-TU-012,6/13/2026_162034,ทิ้ง,Leak (รั่ว),290,245,Abnormal,,,
16 June 2026,B-TU-012,6/12/2026_231554,ทิ้ง,Leak (รั่ว),290,239,Abnormal,,,
13 June 2026,B-TU-012,2/12/2026_163856,ทิ้ง,Leak (รั่ว),290,218,Abnormal,,,
12 February 2026,B-TU-012,2/9/2026_13493,ทิ้ง,Leak (รั่ว),290,207,Abnormal,,,
12 February 2026,B-TU-012,2/9/2026_13501,ทิ้ง,Leak (รั่ว),290,207,Abnormal,,,
09 February 2026,B-TU-012,2/4/2026_18404,ทิ้ง,Leak (รั่ว),290,255,Abnormal,,,
09 February 2026,B-TU-012,2/6/2026_03947,ทิ้ง,Leak (รั่ว),290,202,Abnormal,,,
04 February 2026,B-TU-012,2/1/2026_5222,ทิ้ง,Leak (รั่ว),290,255,Abnormal,,,
02 February 2026,B-TU-012,1/29/2026_132253,ทิ้ง,Leak (รั่ว),290,232,Abnormal,,,
31 January 2026,B-TU-012,10/14/2025_222143,ทิ้ง,Leak (รั่ว),290,170,Abnormal,,,
29 January 2026,B-TU-012,10/10/2025_44437,ทิ้ง,Leak (รั่ว),290,263,Abnormal,,,
09 October 2025,B-TU-012,10/8/2025_212459,ทิ้ง,Tear (ฉีกขาด),290,57,Abnormal,,,
05 October 2025,B-TU-012,18/9/2025_105637,ทิ้ง,Leak (รั่ว),290,97,Abnormal,,,
14 August 2025,B-TU-012,8/11/2025_19519,ทิ้ง,Leak (รั่ว),290,134,Abnormal,,,
15 February 2025,B-TU-012,2/12/2025_171716,ทิ้ง,Leak (รั่ว),290,134,Abnormal,,,
05 January 2025,B-TU-012,12/28/2024_9953,ทิ้ง,Leak (รั่ว),290,144,Abnormal,,,
03 February 2025,B-TU-012,31/1/2025_212153,ทิ้ง,Leak (รั่ว),290,156,Abnormal,,,
26 March 2025,B-TU-012,3/23/2025_95026,ทิ้ง,Leak (รั่ว),290,158,Abnormal,,,
27 March 2025,B-TU-012,3/24/2025_111840,ทิ้ง,Leak (รั่ว),290,170,Abnormal,,,
04 September 2025,B-TU-012,9/1/2025_13851,ทิ้ง,Leak (รั่ว),290,171,Abnormal,,,
16 February 2025,B-TU-012,2/12/2025_171852,ทิ้ง,Leak (รั่ว),290,175,Abnormal,,,
09 October 2025,B-TU-012,10/6/2025_6444,ทิ้ง,Leak (รั่ว),290,192,Abnormal,,,
03 January 2025,B-TU-012,12/1/2024_144034,ทิ้ง,Leak (รั่ว),290,194,Abnormal,,,
31 January 2025,B-TU-012,7/1/2025_192316,ทิ้ง,Leak (รั่ว),290,195,Abnormal,,,
14 October 2025,B-TU-012,10/10/2025_44338,ทิ้ง,Leak (รั่ว),290,203,Abnormal,,,
07 January 2025,B-TU-012,1/4/2025_14921,ทิ้ง,Leak (รั่ว),290,208,Abnormal,,,
31 August 2025,B-TU-012,8/11/2025_194951,ทิ้ง,Leak (รั่ว),290,220,Abnormal,,,
18 September 2025,B-TU-012,5/9/2025_1417,ทิ้ง,Leak (รั่ว),290,229,Abnormal,,,
18 September 2025,B-TU-012,9/4/2025_11534,ทิ้ง,Leak (รั่ว),290,229,Abnormal,,,
08 October 2025,B-TU-012,9/18/2025_224510,ทิ้ง,Leak (รั่ว),290,232,Abnormal,,,
11 August 2025,B-TU-012,7/15/2025_141935,ทิ้ง,Tear (ฉีกขาด),290,243,Abnormal,,,
11 August 2025,B-TU-012,7/15/2025_151636,ทิ้ง,Leak (รั่ว),290,243,Abnormal,,,
04 September 2025,B-TU-012,8/14/2025_15222,ทิ้ง,Leak (รั่ว),290,257,Abnormal,,,
15 July 2025,B-TU-012,27/3/2025_18373,ทิ้ง,Leak (รั่ว),290,279,Abnormal,,,
01 December 2024,B-TU-012,11/1/2024_18272,ทิ้ง,Leak (รั่ว),290,260,Abnormal,,,
12 November 2024,B-TU-012,10/28/2024_195341,ทิ้ง,Leak (รั่ว),290,263,Abnormal,,,
28 October 2024,B-TU-012,10/26/2024_6415,ทิ้ง,Leak (รั่ว),290,158,Abnormal,,,
25 October 2024,B-TU-012,9/24/2024_61915,ทิ้ง,Leak (รั่ว),290,243,Abnormal,,,
24 September 2024,B-TU-012,11/9/2024_142759,ทิ้ง,Leak (รั่ว),290,144,Abnormal,,,
29 August 2024,B-TU-012,5/6/2024_65735,ทิ้ง,Leak (รั่ว),290,254,Abnormal,,,
28 August 2024,B-TU-012,28/8/2024_102228,ทิ้ง,Leak (รั่ว),290,,Abnormal,,,
24 June 2026,B-MT-001,19/4/2026_124234,ทิ้ง,Leak (รั่ว),890,1092,Pass,,,
19 April 2026,B-MT-001,"September 18, 2025_52546",ทิ้ง,Leak (รั่ว),890,1533,Pass,,,
12 April 2026,B-MT-001,7/16/2025_165538,ทิ้ง,Leak (รั่ว),890,1576,Pass,,,
17 September 2025,B-MT-001,24/3/2025_143022,ทิ้ง,Leak (รั่ว),890,1735,Pass,,,
07 March 2025,B-MT-001,16/12/2024_91113,ทิ้ง,Leak (รั่ว),890,1336,Pass,,,
16 December 2024,B-MT-001,20/9/2024_95635,ทิ้ง,Leak (รั่ว),890,1392,Pass,,,
13 October 2024,B-MT-001,8/31/2024_01442,ทิ้ง,Leak (รั่ว),890,1151,Pass,,,
08 June 2026,B-MT-001,"May 12, 2026_175619",ทิ้ง,Leak (รั่ว),890,420,Abnormal,,,
21 March 2026,B-MT-001,20/12/2025_174730,ทิ้ง,Leak (รั่ว),890,743,Abnormal,,,
04 January 2025,B-MT-001,17/12/2024_22155,ทิ้ง,Leak (รั่ว),890,329,Abnormal,,,
20 March 2025,B-MT-001,"March 7, 2025_202429",ทิ้ง,Leak (รั่ว),890,359,Abnormal,,,
20 December 2025,B-MT-001,17/11/2025_124053,ทิ้ง,Leak (รั่ว),890,840,Abnormal,,,
20 September 2024,B-MT-001,8/9/2024_142830,ทิ้ง,Leak (รั่ว),890,237,Abnormal,,,
30 August 2024,B-MT-001,6/16/2024_22353,ทิ้ง,,890,338,Abnormal,,,
09 July 2026,B-MT-002,4/26/2026_84044,ทิ้ง,Leak (รั่ว),630,830,Pass,,,
26 April 2026,B-MT-002,9/13/2025_81913,ทิ้ง,"Flabby (ยืด,หย่อนยาน)",630,4314,Pass,,,
24 March 2026,B-MT-002,2/11/2025_7247,ทิ้ง,Leak (รั่ว),630,8590,Pass,,,
13 September 2025,B-MT-002,4/29/2025_161,ทิ้ง,Leak (รั่ว),630,1390,Pass,,,
09 July 2026,B-MT-002,7/9/2026_74743,ทิ้ง,,630,,Abnormal,,,
09 November 2025,B-MT-002,12/4/2024_175228,ทิ้ง,Leak (รั่ว),630,,Abnormal,,,
04 December 2024,B-MT-002,2/10/2024_92119,ทิ้ง,Leak (รั่ว),630,,Abnormal,,,
12 February 2026,B-MT-003,6/4/2025_213539,ทิ้ง,Leak (รั่ว),630,3409,Pass,,,
04 June 2025,B-MT-003,8/24/2024_7419,ทิ้ง,Leak (รั่ว),630,7783,Pass,,,
25 January 2026,B-MT-004,7/22/2024_213453,ทิ้ง,Leak (รั่ว),630,812,Pass,,,
07 October 2025,B-MT-004,5/3/2025_101727,ทิ้ง,Tear (ฉีกขาด),630,981,Pass,,,
08 February 2025,B-MT-004,21/10/2024_15822,ทิ้ง,Leak (รั่ว),630,970,Pass,,,
30 March 2026,B-MT-004,25/1/2026_165736,ทิ้ง,Leak (รั่ว),630,497,Abnormal,,,
19 February 2025,B-MT-005,13/2/2025_151119,ทิ้ง,Leak (รั่ว),400,162,Abnormal,,,
13 February 2025,B-MT-005,31/1/2025_93058,ทิ้ง,Leak (รั่ว),400,300,Abnormal,,,
08 July 2026,B-MT-006,"June 17, 2026_1187",ทิ้ง,Leak (รั่ว),400,459,Pass,,,
23 June 2026,B-MT-006,5/29/2026_123531,ทิ้ง,B/O,400,494,Pass,,,
12 May 2026,B-MT-006,"April 21, 2026_13331",ทิ้ง,Leak (รั่ว),400,470,Pass,,,
06 May 2026,B-MT-006,"March 5, 2026_163010",ทิ้ง,"Flabby (ยืด,หย่อนยาน)",400,860,Pass,,,
21 April 2026,B-MT-006,26/3/2026_171853,ทิ้ง,CQ เกิดปัญหาด้าน Quality,400,555,Pass,,,
07 February 2026,B-MT-006,15/1/2026_133939,ทิ้ง,Leak (รั่ว),400,465,Pass,,,
15 January 2026,B-MT-006,24/9/2025_81727,ทิ้ง,Tear (ฉีกขาด),400,811,Pass,,,
08 January 2026,B-MT-006,"December 14, 2025_5117",ทิ้ง,CQ เกิดปัญหาด้าน Quality,400,643,Pass,,,
13 December 2025,B-MT-006,11/18/2025_14550,ทิ้ง,Leak (รั่ว),400,405,Pass,,,
15 November 2025,B-MT-006,9/15/2025_11915,ทิ้ง,Leak (รั่ว),400,536,Pass,,,
01 November 2025,B-MT-006,10/11/2025_82153,ทิ้ง,Leak (รั่ว),400,492,Pass,,,
29 October 2025,B-MT-006,10/3/2025_114752,ทิ้ง,Leak (รั่ว),400,492,Pass,,,
15 September 2025,B-MT-006,12/8/2025_104636,ทิ้ง,CQ เกิดปัญหาด้าน Quality,400,443,Pass,,,
31 August 2025,B-MT-006,8/6/2025_163811,ทิ้ง,Leak (รั่ว),400,435,Pass,,,
11 August 2025,B-MT-006,17/7/2025_18240,ทิ้ง,Bad material (วัสดุไม่ดี),400,513,Pass,,,
03 July 2025,B-MT-006,14/6/2025_81659,ทิ้ง,Leak (รั่ว),400,528,Pass,,,
10 June 2025,B-MT-006,4/24/2025_144525,ทิ้ง,Leak (รั่ว),400,796,Pass,,,
29 April 2025,B-MT-006,3/29/2025_153350,ทิ้ง,Leak (รั่ว),400,704,Pass,,,
27 April 2025,B-MT-006,20/3/2025_132753,ทิ้ง,Leak (รั่ว),400,481,Pass,,,
20 March 2025,B-MT-006,20/2/2025_3718,ทิ้ง,Leak (รั่ว),400,739,Pass,,,
07 February 2025,B-MT-006,10/18/2024_23151,ทิ้ง,Leak (รั่ว),400,708,Pass,,,
28 January 2025,B-MT-006,11/14/2024_44258,ทิ้ง,Leak (รั่ว),400,671,Pass,,,
16 January 2025,B-MT-006,26/10/2024_11253,ทิ้ง,Leak (รั่ว),400,850,Pass,,,
13 November 2024,B-MT-006,2/10/2024_81034,ทิ้ง,Leak (รั่ว),400,530,Pass,,,
02 October 2024,B-MT-006,8/11/2024_124237,ทิ้ง,Leak (รั่ว),400,492,Pass,,,
17 June 2026,B-MT-006,"June 7, 2026_0307",ทิ้ง,Leak (รั่ว),400,316,Abnormal,,,
29 May 2026,B-MT-006,5/29/2026_12740,ทิ้ง,Leak (รั่ว),400,15,Abnormal,,,
05 March 2026,B-MT-006,"February 20, 2026_103039",ทิ้ง,Leak (รั่ว),400,295,Abnormal,,,
10 February 2026,B-MT-006,13/1/2026_13449,ทิ้ง,Leak (รั่ว),400,388,Abnormal,,,
16 June 2025,B-MT-006,"May 7, 2025_12260",ทิ้ง,Leak (รั่ว),400,99,Abnormal,,,
07 May 2025,B-MT-006,"April 28, 2025_01937",ทิ้ง,Leak (รั่ว),400,165,Abnormal,,,
16 November 2025,B-MT-006,"November 8, 2025_19050",ทิ้ง,Leak (รั่ว),400,221,Abnormal,,,
16 August 2025,B-MT-006,8/5/2025_125257,ทิ้ง,Leak (รั่ว),400,223,Abnormal,,,
12 September 2025,B-MT-006,29/8/2025_21435,ทิ้ง,Leak (รั่ว),400,270,Abnormal,,,
15 September 2025,B-MT-006,8/31/2025_101735,ทิ้ง,Leak (รั่ว),400,295,Abnormal,,,
24 June 2025,B-MT-006,"May 24, 2025_231059",ทิ้ง,Leak (รั่ว),400,310,Abnormal,,,
03 October 2025,B-MT-006,16/9/2025_135839,ทิ้ง,Leak (รั่ว),400,317,Abnormal,,,
14 July 2025,B-MT-006,25/6/2025_5512,ทิ้ง,Leak (รั่ว),400,349,Abnormal,,,
20 August 2025,B-MT-006,"July 26, 2025_12307",ทิ้ง,Leak (รั่ว),400,350,Abnormal,,,
26 July 2025,B-MT-006,3/7/2025_105417,ทิ้ง,Leak (รั่ว),400,363,Abnormal,,,
15 November 2024,B-MT-006,11/4/2024_75841,ทิ้ง,Leak (รั่ว),400,292,Abnormal,,,
26 October 2024,B-MT-006,12/10/2024_214420,ทิ้ง,Leak (รั่ว),400,366,Abnormal,,,
29 August 2024,B-MT-006,7/20/2024_2198,ทิ้ง,"Flabby (ยืด,หย่อนยาน)",400,160,Abnormal,,,
11 August 2024,B-MT-006,7/3/2024_202958,ทิ้ง,Leak (รั่ว),400,53,Abnormal,,,
07 February 2026,B-MT-007,2/9/2025_12150,ทิ้ง,Leak (รั่ว),630,1764,Pass,,,
,,,,,,,,,,
"Applied filters:
Status is ทิ้ง
Year is 2023, 2024, 2025, or 2026",,,,,,,,,,
